<?xml version = "1.0" encoding = "UTF-8"?>

<beans xmlns = "http://www.springframework.org/schema/beans"
   xmlns:xsi = "http://www.w3.org/2001/XMLSchema-instance"
   xsi:schemaLocation = "http://www.springframework.org/schema/beans
   http://www.springframework.org/schema/beans/spring-beans-3.0.xsd">

   <bean id = "menuItem1" class = "com.cts.jf003.truyum_demo_1.model.MenuItem">
      <property name = "menuId" value = "1"/>
      <property name="name" value="Dosa" />
      <property name="price" value="90" />
   </bean>
   <bean id = "menuItem2" class = "com.cts.jf003.truyum_demo_1.model.MenuItem">
      <property name = "menuId" value = "2"/>
      <property name="name" value="Poori" />
      <property name="price" value="50" />
   </bean>
   <bean id = "menuItem3" class = "com.cts.jf003.truyum_demo_1.model.MenuItem">
      <property name = "menuId" value = "3"/>
      <property name="name" value="Vada" />
      <property name="price" value="15" />
   </bean>
   <bean id = "menuItem4" class = "com.cts.jf003.truyum_demo_1.model.MenuItem">
      <property name = "menuId" value = "4"/>
      <property name="name" value="Idli" />
      <property name="price" value="10" />
   </bean>

	<bean id="menuItemCollection" class="com.cts.jf003.truyum_demo_1.model.MenuItemCollection">
		<property name="menuItems">
			<list>
				<ref bean="menuItem1" />
				<ref bean="menuItem2" />
				<ref bean="menuItem3" />
				<ref bean="menuItem4" />
			</list>
		</property>
	</bean>
	
</beans>
