<hibernate-configuration>
	<session-factory>

		<property name="connection.driver_class">com.mysql.jdbc.Driver</property>
		<property name="connection.url">jdbc:mysql://localhost:3306/bank</property>
		<property name="connection.user">root</property>
		<property name="connection.password"></property>

		<property name="show_sql">true</property>
		<property name="format_sql">false</property>
		<property name="use_sql_comments">true</property>
		<property name="dialet">org.hibernate.dialect.MySQLDialect</property>
		<property name="hbm2ddl.auto">update</property>

	</session-factory>
</hibernate-configuration>